CHROM	POS	TYPE	REF	ALT	HET	HOM-REF	HOM-VAR	ANN	SC5314-Anc.GT	SC5314-Anc4.GT	SC5314-S1.GT	SC5314-S10.GT	SC5314-S11.GT	SC5314-S12.GT	SC5314-S2.GT	SC5314-S3.GT	SC5314-S4.GT	SC5314-S5.GT	SC5314-S6.GT	SC5314-S7.GT	SC5314-S8.GT	SC5314-S9.GT	Annotation	Annotation_Impact	Gene_ID	HGVS.c	HGVS.p	...29
Ca21chr4_C_albicans_SC5314	832769	SNP	T	G	13	1	0	G|missense_variant|MODERATE|CDS_Ca21chr4_C_albicans_SC5314_832750_834543|orf19.1596|transcript|orf19.1596|protein_coding|1/1|c.20T>G|p.Leu7Trp|20/1794|20/1794|7/597||WARNING_TRANSCRIPT_NO_STOP_CODON	T|G	T|G	T|G	T|G	T|G	T/T	T|G	T|G	T|G	T|G	T|G	T|G	T|G	T|G	missense_variant	MODERATE	orf19.1596	c.20T>G	p.Leu7Trp	NA
Ca21chr4_C_albicans_SC5314	832770	SNP	G	T	13	1	0	T|missense_variant|MODERATE|CDS_Ca21chr4_C_albicans_SC5314_832750_834543|orf19.1596|transcript|orf19.1596|protein_coding|1/1|c.21G>T|p.Leu7Phe|21/1794|21/1794|7/597||WARNING_TRANSCRIPT_NO_STOP_CODON	G|T	G|T	G|T	G|T	G|T	G/G	G|T	G|T	G|T	G|T	G|T	G|T	G|T	G|T	missense_variant	MODERATE	orf19.1596	c.21G>T	p.Leu7Phe	NA
Ca21chr4_C_albicans_SC5314	832773	SNP	C	G	13	1	0	G|missense_variant|MODERATE|CDS_Ca21chr4_C_albicans_SC5314_832750_834543|orf19.1596|transcript|orf19.1596|protein_coding|1/1|c.24C>G|p.Asn8Lys|24/1794|24/1794|8/597||WARNING_TRANSCRIPT_NO_STOP_CODON	C|G	C|G	C|G	C|G	C|G	C/C	C|G	C|G	C|G	C|G	C|G	C|G	C|G	C|G	missense_variant	MODERATE	orf19.1596	c.24C>G	p.Asn8Lys	NA
Ca21chr4_C_albicans_SC5314	832776	SNP	G	A	13	1	0	A|missense_variant|MODERATE|CDS_Ca21chr4_C_albicans_SC5314_832750_834543|orf19.1596|transcript|orf19.1596|protein_coding|1/1|c.27G>A|p.Met9Ile|27/1794|27/1794|9/597||WARNING_TRANSCRIPT_NO_STOP_CODON	G|A	G|A	G|A	G|A	G|A	G/G	G|A	G|A	G|A	G|A	G|A	G|A	G|A	G|A	missense_variant	MODERATE	orf19.1596	c.27G>A	p.Met9Ile	NA
Ca21chr4_C_albicans_SC5314	832784	SNP	A	G	13	1	0	G|missense_variant|MODERATE|CDS_Ca21chr4_C_albicans_SC5314_832750_834543|orf19.1596|transcript|orf19.1596|protein_coding|1/1|c.35A>G|p.Lys12Arg|35/1794|35/1794|12/597||WARNING_TRANSCRIPT_NO_STOP_CODON	A|G	A|G	A|G	A|G	A|G	A/A	A|G	A|G	A|G	A|G	A|G	A|G	A|G	A|G	missense_variant	MODERATE	orf19.1596	c.35A>G	p.Lys12Arg	NA
Ca21chr4_C_albicans_SC5314	832798	SNP	T	A	12	2	0	A|missense_variant|MODERATE|CDS_Ca21chr4_C_albicans_SC5314_832750_834543|orf19.1596|transcript|orf19.1596|protein_coding|1/1|c.49T>A|p.Tyr17Asn|49/1794|49/1794|17/597||WARNING_TRANSCRIPT_NO_STOP_CODON	T|A	T|A	T|A	T|A	T|A	T/T	T|A	T|A	T|A	T|A	T|A	T|T	T|A	T|A	missense_variant	MODERATE	orf19.1596	c.49T>A	p.Tyr17Asn	NA
Ca21chr4_C_albicans_SC5314	832801	SNP	G	A	12	2	0	A|missense_variant|MODERATE|CDS_Ca21chr4_C_albicans_SC5314_832750_834543|orf19.1596|transcript|orf19.1596|protein_coding|1/1|c.52G>A|p.Asp18Asn|52/1794|52/1794|18/597||WARNING_TRANSCRIPT_NO_STOP_CODON	G|A	G|A	G|A	G|A	G|A	G/G	G|A	G|A	G|A	G|A	G|A	G|G	G|A	G|A	missense_variant	MODERATE	orf19.1596	c.52G>A	p.Asp18Asn	NA
Ca21chr4_C_albicans_SC5314	832807	SNP	G	A	11	3	0	A|missense_variant|MODERATE|CDS_Ca21chr4_C_albicans_SC5314_832750_834543|orf19.1596|transcript|orf19.1596|protein_coding|1/1|c.58G>A|p.Glu20Lys|58/1794|58/1794|20/597||WARNING_TRANSCRIPT_NO_STOP_CODON	G|A	G|A	G|A	G|A	G|A	G/G	G|A	G|A	G|A	G|A	G|A	G/G	G|A	G|G	missense_variant	MODERATE	orf19.1596	c.58G>A	p.Glu20Lys	NA
Ca21chr4_C_albicans_SC5314	832855	SNP	T	A	9	5	0	A|missense_variant|MODERATE|CDS_Ca21chr4_C_albicans_SC5314_832750_834543|orf19.1596|transcript|orf19.1596|protein_coding|1/1|c.106T>A|p.Ser36Thr|106/1794|106/1794|36/597||WARNING_TRANSCRIPT_NO_STOP_CODON	T/T	T|A	T|A	T|A	T/T	T/T	T|A	T|A	T/T	T|A	T|A	T|A	T|A	T/T	missense_variant	MODERATE	orf19.1596	c.106T>A	p.Ser36Thr	NA
Ca21chr4_C_albicans_SC5314	832856	SNP	C	T	9	5	0	T|missense_variant|MODERATE|CDS_Ca21chr4_C_albicans_SC5314_832750_834543|orf19.1596|transcript|orf19.1596|protein_coding|1/1|c.107C>T|p.Ser36Phe|107/1794|107/1794|36/597||WARNING_TRANSCRIPT_NO_STOP_CODON	C/C	C|T	C|T	C|T	C/C	C/C	C|T	C|T	C/C	C|T	C|T	C|T	C|T	C/C	missense_variant	MODERATE	orf19.1596	c.107C>T	p.Ser36Phe	NA
Ca21chr4_C_albicans_SC5314	833092	SNP	G	A	5	9	0	A|missense_variant|MODERATE|CDS_Ca21chr4_C_albicans_SC5314_832750_834543|orf19.1596|transcript|orf19.1596|protein_coding|1/1|c.343G>A|p.Asp115Asn|343/1794|343/1794|115/597||WARNING_TRANSCRIPT_NO_STOP_CODON	G/G	G/G	G|A	G/G	G/G	G|A	G/G	G/G	G/G	G/G	G|A	G|A	G|A	G/G	missense_variant	MODERATE	orf19.1596	c.343G>A	p.Asp115Asn	NA
Ca21chr4_C_albicans_SC5314	833100	SNP	T	G	5	9	0	G|missense_variant|MODERATE|CDS_Ca21chr4_C_albicans_SC5314_832750_834543|orf19.1596|transcript|orf19.1596|protein_coding|1/1|c.351T>G|p.Ile117Met|351/1794|351/1794|117/597||WARNING_TRANSCRIPT_NO_STOP_CODON	T/T	T/T	T|G	T/T	T/T	T|G	T/T	T/T	T/T	T/T	T|G	T|G	T|G	T/T	missense_variant	MODERATE	orf19.1596	c.351T>G	p.Ile117Met	NA
Ca21chr4_C_albicans_SC5314	833140	SNP	G	A	3	11	0	A|missense_variant|MODERATE|CDS_Ca21chr4_C_albicans_SC5314_832750_834543|orf19.1596|transcript|orf19.1596|protein_coding|1/1|c.391G>A|p.Ala131Thr|391/1794|391/1794|131/597||WARNING_TRANSCRIPT_NO_STOP_CODON	G/G	G/G	G/G	G/G	G/G	G/G	G/G	G/G	G/G	G/G	G/A	G/A	G/A	G/G	missense_variant	MODERATE	orf19.1596	c.391G>A	p.Ala131Thr	NA
Ca21chr4_C_albicans_SC5314	833315	SNP	A	G	4	10	0	G|missense_variant|MODERATE|CDS_Ca21chr4_C_albicans_SC5314_832750_834543|orf19.1596|transcript|orf19.1596|protein_coding|1/1|c.566A>G|p.Lys189Arg|566/1794|566/1794|189/597||WARNING_TRANSCRIPT_NO_STOP_CODON	A|G	A|G	A/A	A/A	A|G	A/A	A/A	A/A	A/A	A/A	A/A	A/A	A/A	A|G	missense_variant	MODERATE	orf19.1596	c.566A>G	p.Lys189Arg	NA
Ca21chr4_C_albicans_SC5314	834515	SNP	C	G	13	1	0	G|missense_variant|MODERATE|CDS_Ca21chr4_C_albicans_SC5314_832750_834543|orf19.1596|transcript|orf19.1596|protein_coding|1/1|c.1766C>G|p.Ala589Gly|1766/1794|1766/1794|589/597||WARNING_TRANSCRIPT_NO_STOP_CODON	C|G	C|G	C|G	C|G	C|G	C|G	C|C	C|G	C|G	C|G	C|G	C|G	C|G	C|G	missense_variant	MODERATE	orf19.1596	c.1766C>G	p.Ala589Gly	NA
Ca21chr4_C_albicans_SC5314	834527	SNP	T	C	12	2	0	C|missense_variant|MODERATE|CDS_Ca21chr4_C_albicans_SC5314_832750_834543|orf19.1596|transcript|orf19.1596|protein_coding|1/1|c.1778T>C|p.Ile593Thr|1778/1794|1778/1794|593/597||WARNING_TRANSCRIPT_NO_STOP_CODON	T|C	T|C	T/T	T|C	T|T	T|C	T|C	T|C	T|C	T|C	T|C	T|C	T|C	T|C	missense_variant	MODERATE	orf19.1596	c.1778T>C	p.Ile593Thr	NA
Ca21chr4_C_albicans_SC5314	834531	SNP	A	C	11	3	0	C|missense_variant|MODERATE|CDS_Ca21chr4_C_albicans_SC5314_832750_834543|orf19.1596|transcript|orf19.1596|protein_coding|1/1|c.1782A>C|p.Lys594Asn|1782/1794|1782/1794|594/597||WARNING_TRANSCRIPT_NO_STOP_CODON	A|C	A|C	A/A	A|C	A|A	A|C	A|A	A|C	A|C	A|C	A|C	A|C	A|C	A|C	missense_variant	MODERATE	orf19.1596	c.1782A>C	p.Lys594Asn	NA
